Autores;Trabalhos
Abdullah, A.;1
Ahmed, F.;1
Barberis, D.;1
Bernard, S.;1
Berrahou, L.;1
Berti-Équille, L.;1
Bimonte, S.;8
Bouadi, T.;1
Bouignane, A.;1
Boulil, K.;4
Bringay, S.;1
Brun, J. P.;1
Carluer, N.;3
Cernesson, F.;2
Chanet, J. P.;2
Chaturvedi, K. K.;2
Cheviron, B.;1
Chriki, S.;1
Chung, Y.;1
Contò, F.;1
Cordier, M. O.;1
Dubey, V.;2
Durand, D.;1
Faccilongo, N.;1
Farias, T. M. T.;1
Faulconnier, Y.;1
Gallo, C.;1
Gao, Q.;1
Gascuel-Odoux, C.;1
Gineste, L.;1
Gomes, R. C.;1
Gouy, V.;2
Grac, C.;2
Gupta, A. K.;1
Hammani, A.;1
Hasan, K. T.;1
Hocquette, J. F.;1
Ienco, D.;1
Ishii, R. P.;1
Journaux, L.;1
Junior, N. M. C.;1
Jurie, C.;1
Kechadi, M. T.;1
Kremmydas, D.;1
Kuentz-Simonet, V.;1
La Sala, P.;1
Lalande, N.;1
Laraichi, S.;1
Lauvernet, C.;1
Le Ber, F.;2
Leccia-Phelpin, O.;1
Lee, J.;1
Le-Khac,N. A.;1
Lescot, J. M.;1
Liang, N.;1
Malhotra, P. K.;2
Maliappis, M.;1
Mazumdar, B. D.;1
Meile, R.;1
Micol, D.;1
Minette, S.;1
Miralles, A.;4
Molla, G.;2
Moreau, P.;1
Mota, F. M.;1
Nandi, D.;1
Naoufal, E.;1
Ngo, V. M.;1
Nilakanta, S.;1
Park, D.;1
Petit, K.;1
Picard, B.;1
Pinet, F.;5
Pradel, M.;1
Putri, A. I.;1
Quiniou, R.;1
Rahman, M.;1
Rai, A.;3
Reichstadt, M.;1
Renand, G.;1
Rösler, E.;1
Salmon-Monviola, J.;1
Scheibe, K.;1
Schneider, M.;1
Scordia, C.;1
Serrano, E.;1
Sitanggang, I. S.;2
Souza, K. M.;1
Speich, S.;1
Teisseire, M.;1
Thariqa, P.;1
Tonneau, J. P.;1
Traub, B.;1
Vernier, F.;3
Xu, L.;1
Xu, Z.;1
Zaza, C.;1
